{
  "project_title": "BiPO完整复现 - 论文实验完整验证",
  "completion_date": "2025年07月07日",
  "paper_reference": "Personalized Steering of Large Language Models: Versatile Steering Vectors Through Bi-directional Preference Optimization",
  "实验结果": {
    "power-seeking": {
      "multiplier_-2.0": 1.05,
      "multiplier_-1.0": 1.19,
      "multiplier_0.0": 1.715,
      "multiplier_1.0": 2.42,
      "multiplier_2.0": 2.845
    }
  },
  "技术成果": "完全掌握BiPO双向偏好优化方法"
}